-- <<EXERCITIUL 4>>

--      Implementa?i în Oracle diagrama conceptual? realizat?: defini?i toate tabelele, implementând toate
-- constrângerile de integritate necesare (chei primare, cheile externe etc).
CREATE TABLE JUDETE( 
    COD_JUDET int not NULL PRIMARY KEY, 
    NUME_JUD varchar2(40) not NULL, 
    POPULATIE_JUDET int not NULL, 
    NR_ORASE int not NULL, 
    POP_URBANA  number(4,2) not NULL, -- populatia urbana procentul
    POP_RURALA  number(4,2) not NULL, -- populatia rurala procentual
    CHECK (POP_URBANA + POP_RURALA = 100.00) 
); 

CREATE TABLE LOCALITATI( 
    COD_LOCALITATE int not NULL PRIMARY KEY, 
    NUME_LOC varchar2(40) not NULL, 
    POPULATIE_LOC int not NULL, 
    COD_JUDET int not NULL, 
    FOREIGN KEY(COD_JUDET) REFERENCES JUDETE(COD_JUDET) 
    --  jude?ul din care face parte localitatea 
);

CREATE TABLE LANT_COMPANII( 
    COD_COMPANIE int not NULL PRIMARY KEY, 
    NUME_COMPANIE varchar2(40) not NULL, 
    TIP_MAGAZIN varchar2(40) not NULL, --  tipul de magazine de?inut de companie (bricolaj, discount etc. ) 
    STR_SEDIU varchar2(40) not NULL, -- strada pe care se afl? sediul central
    NR_SEDIU number (3,0) not NULL, -- num?rul la care se afl? sediul central
    CIFRA_AFACERI number(11,2) not NULL, 
    COD_LOCALITATE int not NULL,  
    NR_CONTRACTE number (5,0),
    NR_CAMP_MKT number (5,0),
    FOREIGN KEY(COD_LOCALITATE) REFERENCES LOCALITATI(COD_LOCALITATE) 
    --  localitatea în care se afl? sediul central
); 

CREATE TABLE DATE_ANGAJATI( 
    COD_ANGAJATI int not NULL PRIMARY KEY,   
    NR_ANG number(5,0) not NULL, -- num?rul de angaja?i
    JOB varchar2(40) not NULL, -- titlul jobului
    SALARIU_MIN number(7,2) not NULL, -- salariul minim pentru job
    SALARIU_MAX number(7,2) not NULL, -- salariul maxim pentru job
    COD_COMPANIE int not NULL, 
    FOREIGN KEY(COD_COMPANIE) REFERENCES LANT_COMPANII(COD_COMPANIE) 
    -- compania pentru care se re?in datele despre un tip de angajat 
); 

CREATE TABLE CAMPANII_MARKETING( 
    COD_MARKETING int not NULL PRIMARY KEY,  
    NUME_CAMPANIE varchar2(40) not NULL,  
    INCEPERE date not NULL, 
    FINALIZARE date not NULL,  
    BUGET number(10,2) not NULL , 
    COD_COMPANIE int not NULL,
    FOREIGN KEY(COD_COMPANIE) REFERENCES LANT_COMPANII(COD_COMPANIE) 
    -- compania pentru care se realizeaz? campania
); 

CREATE TABLE POST_TV( 
    COD_TV int not NULL PRIMARY KEY,  
    NUME_POST varchar(40) not NULL,  
    COST_INT1 number(7,2) not NULL, -- cost difuzare în intervalul orar I în € /minut 
    COST_INT2 number(7,2) not NULL -- cost difuzare în intervalul orar II € /minut 
); 

CREATE TABLE TELEVIZAT( 
    COD_TELEVIZAT int not NULL PRIMARY KEY,    
    DURATA_SPOT number (3,0) not NULL,  -- durat? reclam? în secunde
    DIFUZARE_INT1 number (3,0) not NULL, -- timp de difuzare în intervalul orar I în minute/s?pt?mân?
    DIFUZARE_INT2 number (3,0) not NULL, -- timp de difuzare în intervalul orar II în minute/s?pt?mân? 
    COD_MARKETING int not NULL, 
    COD_TV int not NULL, 
    FOREIGN KEY(COD_MARKETING) REFERENCES CAMPANII_MARKETING(COD_MARKETING), 
    -- campania de marketing pentru care se realizeaz? ac?iunea de promovare televizat? 
    FOREIGN KEY(COD_TV) REFERENCES POST_TV(COD_TV) 
    -- postul de televiziune contractat
); 

CREATE TABLE CAMP_OFFLINE( 
    COD_OFFLINE int not NULL PRIMARY KEY,  
    BUGET_OFFLINE number(10,2) not NULL,  
    BUGET_REVISTE number(4,2) not NULL,  
    BUGET_PLIANTE number(4,2) not NULL,  
    BUGET_PANOURI number(4,2) not NULL,     
    COD_MARKETING int not NULL, 
    FOREIGN KEY(COD_MARKETING) REFERENCES CAMPANII_MARKETING(COD_MARKETING) 
    -- campania de marketing pentru care se realizeaz? ac?iunea de promovare offline 
); 

CREATE TABLE CAMP_ONLINE( 
    COD_ONLINE int not NULL PRIMARY KEY,  
    BUGET_ONLINE number(10,2) not NULL,  
    NR_SITEURI number(6,2) not NULL, -- num?rul de site-uri partenere 
    DURATA_CLIP number(4,2) not NULL,      
    COD_MARKETING int not NULL, 
    FOREIGN KEY(COD_MARKETING) REFERENCES CAMPANII_MARKETING(COD_MARKETING) 
    -- campania de marketing pentru care se realizeaz? ac?iunea de promovare online   
); 

CREATE TABLE LOCALITATI_TINTA ( 
    COD_TINTA int not NULL PRIMARY KEY,  
    NR_REVISTE number(8,0),  
    NR_PLIANTE number(8,0),  
    NR_PANOURI number(8,0), 
    COD_OFFLINE int not NULL, 
    COD_LOCALITATE int not NULL, 
    FOREIGN KEY(COD_OFFLINE) REFERENCES CAMP_OFFLINE(COD_OFFLINE), 
    -- ac?iune de promovare offline din care face parte localitate
    FOREIGN KEY(COD_LOCALITATE) REFERENCES LOCALITATI(COD_LOCALITATE)  
    -- localitatea parte din campania de promovare 
); 

CREATE TABLE CENTRE_LOGISTICE ( 
    COD_LOGISTIC int not NULL PRIMARY KEY,  
    STR_LOGI varchar2(40) not NULL, -- strada pe care se afl? depozitul
    NR_LOGI number(4,0) not NULL, -- num?rul la care se afl? depozitul  
    SUPRAFATA_DEPOZIT number(8,0) not NULL, 
    COD_COMPANIE int not NULL, 
    COD_LOCALITATE int not NULL, 
    FOREIGN KEY(COD_LOCALITATE) REFERENCES LOCALITATI(COD_LOCALITATE), 
    -- localitatea în care se afl? depozitul
    FOREIGN KEY(COD_COMPANIE) REFERENCES LANT_COMPANII(COD_COMPANIE)
    -- compania de care apar?ine depozitul
); 

CREATE TABLE SPATII_COMERCIALE( 
    COD_MAGAZIN int not NULL PRIMARY KEY,  
    STR_MAG varchar2(40)not NULL, -- strada pe care se afl? magazinul 
    NR_MAG number(4,0) not NULL, -- num?rul la care se afl? magazinul    
    SUPRAFATA_MAG number(8,0) not NULL, 
    CIFRA_VANZARI number(10,2) not NULL,      
    DATA_DESCHIDERE date not NULL, 
    COD_COMPANIE int not NULL, 
    COD_LOCALITATE int not NULL, 
    COD_LOGISTIC int not NULL, 
    FOREIGN KEY(COD_LOCALITATE) REFERENCES LOCALITATI(COD_LOCALITATE), 
    -- localitatea în care se afl? magazinul
    FOREIGN KEY(COD_COMPANIE) REFERENCES LANT_COMPANII(COD_COMPANIE), 
    -- compania de care apar?ine magazinul 
    FOREIGN KEY(COD_LOGISTIC) REFERENCES CENTRE_LOGISTICE(COD_LOGISTIC) 
    -- depozitul de la care se aprovizioneaz? magazinul
); 

CREATE TABLE PRODUCATORI( 
    COD_PRODUCATOR int not NULL PRIMARY KEY,  
    TARA varchar2(40) not NULL, -- ?ara unde î?i desf??oar? firma activitatea
    NUME_PRODUCATOR varchar2(40) not NULL,  
    NUME_PRODUS varchar2(40) not NULL, -- productia lunara
    CANTITATE_DISPONIBILA number(10,2) not NULL,
   PRET_UNITAR number(10,2) not NULL
); 

CREATE TABLE DISTRIBUITOR( 
    COD_DISTRIBUITOR int not NULL PRIMARY KEY,  
    CANTITATE_MARFA number(8,2) not NULL, -- cantitatea maxima de marfa ce poate fi distribuita/comand? 
    NR_VEHICULE number(4,0) not NULL, -- num?rul de vehicule din flota auto 
    NUME_DISTRIBUITOR VARCHAR2(50) 
); 

CREATE TABLE CONTRACTE( 
    ID_COMANDA int not null PRIMARY KEY, 
    CANTITATE_PROD number(8,2) not NULL, 
    COD_DISTRIBUITOR int not NULL, 
    COD_PRODUCATOR int not NULL,  
    COD_LOGISTIC int not NULL, 
    INCEPERE date not NULL, 
    INCHEIERE date not NULL,
    FOREIGN KEY(COD_DISTRIBUITOR) REFERENCES DISTRIBUITOR(COD_DISTRIBUITOR), 
    FOREIGN KEY(COD_PRODUCATOR) REFERENCES PRODUCATORI(COD_PRODUCATOR), 
    FOREIGN KEY(COD_LOGISTIC) REFERENCES CENTRE_LOGISTICE(COD_LOGISTIC) 
); 

-- <<EXERCITIUL 5>>

--      Ad?uga?i informa?ii coerente în tabelele create (minim 5 înregistr?ri pentru fiecare entitate
-- independent?; minim 10 înregistr?ri pentru tabela asociativ?).

--  Inserare date JUDETE

INSERT INTO JUDETE (COD_JUDET, NUME_JUD, POPULATIE_JUDET, NR_ORASE, POP_URBANA, POP_RURALA)  
VALUES (1, 'Iasi', 772348, 4, 40, 60); 

INSERT INTO JUDETE (COD_JUDET, NUME_JUD, POPULATIE_JUDET, NR_ORASE, POP_URBANA, POP_RURALA)  
VALUES (2, 'Prahova', 762886, 5, 50, 50); 

INSERT INTO JUDETE (COD_JUDET, NUME_JUD, POPULATIE_JUDET, NR_ORASE, POP_URBANA, POP_RURALA)  
VALUES (3, 'Cluj', 691106, 7, 60, 40); 

INSERT INTO JUDETE (COD_JUDET, NUME_JUD, POPULATIE_JUDET, NR_ORASE, POP_URBANA, POP_RURALA)  
VALUES (4, 'Constanta', 684082, 6, 40, 60); 

INSERT INTO JUDETE (COD_JUDET, NUME_JUD, POPULATIE_JUDET, NR_ORASE, POP_URBANA, POP_RURALA)  
VALUES (5, 'Timis', 68354, 4, 50, 50); 

INSERT INTO JUDETE (COD_JUDET, NUME_JUD, POPULATIE_JUDET, NR_ORASE, POP_URBANA, POP_RURALA)  
VALUES (6, 'Dolj', 660544, 8, 60, 40);  

INSERT INTO JUDETE (COD_JUDET, NUME_JUD, POPULATIE_JUDET, NR_ORASE, POP_URBANA, POP_RURALA)  
VALUES (7, 'Suceava', 63481, 5, 40, 60);  

INSERT INTO JUDETE (COD_JUDET, NUME_JUD, POPULATIE_JUDET, NR_ORASE, POP_URBANA, POP_RURALA)  
VALUES (8, 'Bac?u', 616168, 6, 50, 50);  

INSERT INTO JUDETE (COD_JUDET, NUME_JUD, POPULATIE_JUDET, NR_ORASE, POP_URBANA, POP_RURALA)  
VALUES (9, 'Arges', 612431, 7, 60, 40); 

INSERT INTO JUDETE (COD_JUDET, NUME_JUD, POPULATIE_JUDET, NR_ORASE, POP_URBANA, POP_RURALA)  
VALUES (10, 'Bihor', 575398, 8, 40, 60); 

INSERT INTO JUDETE (COD_JUDET, NUME_JUD, POPULATIE_JUDET, NR_ORASE, POP_URBANA, POP_RURALA)  
VALUES (11, 'Mures', 540508, 8, 50, 50); 

INSERT INTO JUDETE (COD_JUDET, NUME_JUD, POPULATIE_JUDET, NR_ORASE, POP_URBANA, POP_RURALA)  
VALUES (12, 'Galati', 530612, 11, 60, 40); 

INSERT INTO JUDETE (COD_JUDET, NUME_JUD, POPULATIE_JUDET, NR_ORASE, POP_URBANA, POP_RURALA)  
VALUES (13, 'Brasov', 529906, 8, 40, 60); 

INSERT INTO JUDETE (COD_JUDET, NUME_JUD, POPULATIE_JUDET, NR_ORASE, POP_URBANA, POP_RURALA)  
VALUES (14, 'Dâmbovita', 510287, 8, 50, 50); 

INSERT INTO JUDETE (COD_JUDET, NUME_JUD, POPULATIE_JUDET, NR_ORASE, POP_URBANA, POP_RURALA)  
VALUES (15, 'Neamt', 507399, 11, 60, 40); 

INSERT INTO JUDETE (COD_JUDET, NUME_JUD, POPULATIE_JUDET, NR_ORASE, POP_URBANA, POP_RURALA)  
VALUES (16, 'Maramures', 472117, 12, 40, 60);  

INSERT INTO JUDETE (COD_JUDET, NUME_JUD, POPULATIE_JUDET, NR_ORASE, POP_URBANA, POP_RURALA)  
VALUES (17, 'Buz?u', 440347, 5, 50, 50); 

INSERT INTO JUDETE (COD_JUDET, NUME_JUD, POPULATIE_JUDET, NR_ORASE, POP_URBANA, POP_RURALA)  
VALUES (18, 'Olt', 421769, 8, 60, 40); 

INSERT INTO JUDETE (COD_JUDET, NUME_JUD, POPULATIE_JUDET, NR_ORASE, POP_URBANA, POP_RURALA)  
VALUES (19, 'Arad', 412235, 9, 40, 60); 

INSERT INTO JUDETE (COD_JUDET, NUME_JUD, POPULATIE_JUDET, NR_ORASE, POP_URBANA, POP_RURALA)  
VALUES (20, 'Hunedoara', 410383, 8, 50, 50); 

INSERT INTO JUDETE (COD_JUDET, NUME_JUD, POPULATIE_JUDET, NR_ORASE, POP_URBANA, POP_RURALA)  
VALUES (21, 'Botosani', 404429, 8, 60, 40); 

INSERT INTO JUDETE (COD_JUDET, NUME_JUD, POPULATIE_JUDET, NR_ORASE, POP_URBANA, POP_RURALA)  
VALUES (22, 'Vaslui', 39334, 5, 40, 60); 

INSERT INTO JUDETE (COD_JUDET, NUME_JUD, POPULATIE_JUDET, NR_ORASE, POP_URBANA, POP_RURALA)  
VALUES (23, 'Sibiu', 377273, 7, 50, 50); 

INSERT INTO JUDETE (COD_JUDET, NUME_JUD, POPULATIE_JUDET, NR_ORASE, POP_URBANA, POP_RURALA)  
VALUES (24, 'Vâlcea', 37424, 11, 60, 40); 

INSERT INTO JUDETE (COD_JUDET, NUME_JUD, POPULATIE_JUDET, NR_ORASE, POP_URBANA, POP_RURALA)  
VALUES (25, 'Teleorman', 369897, 8, 40, 60); 

INSERT INTO JUDETE (COD_JUDET, NUME_JUD, POPULATIE_JUDET, NR_ORASE, POP_URBANA, POP_RURALA)  
VALUES (26, 'Ilfov', 353481, 9, 50, 50); 

INSERT INTO JUDETE (COD_JUDET, NUME_JUD, POPULATIE_JUDET, NR_ORASE, POP_URBANA, POP_RURALA)  
VALUES (27, 'Gorj', 345771, 11, 60, 40); 

INSERT INTO JUDETE (COD_JUDET, NUME_JUD, POPULATIE_JUDET, NR_ORASE, POP_URBANA, POP_RURALA)  
VALUES (28, 'Alba', 342336, 11, 40, 60); 

INSERT INTO JUDETE (COD_JUDET, NUME_JUD, POPULATIE_JUDET, NR_ORASE, POP_URBANA, POP_RURALA)  
VALUES (29, 'Vrancea', 33951, 5, 50, 50); 

INSERT INTO JUDETE (COD_JUDET, NUME_JUD, POPULATIE_JUDET, NR_ORASE, POP_URBANA, POP_RURALA)  
VALUES (30, 'Satu Mare', 336117, 5, 60, 40);  

INSERT INTO JUDETE (COD_JUDET, NUME_JUD, POPULATIE_JUDET, NR_ORASE, POP_URBANA, POP_RURALA)  
VALUES (31, 'Br?ila', 316652, 6, 40, 60);  

INSERT INTO JUDETE (COD_JUDET, NUME_JUD, POPULATIE_JUDET, NR_ORASE, POP_URBANA, POP_RURALA)  
VALUES (32, 'Harghita', 304765, 3, 50, 50);  

INSERT INTO JUDETE (COD_JUDET, NUME_JUD, POPULATIE_JUDET, NR_ORASE, POP_URBANA, POP_RURALA)  
VALUES (33, 'Bistrita-N?s?ud', 301425, 4, 60, 40);   

INSERT INTO JUDETE (COD_JUDET, NUME_JUD, POPULATIE_JUDET, NR_ORASE, POP_URBANA, POP_RURALA)  
VALUES (34, 'Caras-Severin', 287535, 5, 40, 60); 

INSERT INTO JUDETE (COD_JUDET, NUME_JUD, POPULATIE_JUDET, NR_ORASE, POP_URBANA, POP_RURALA)  
VALUES (35, 'C?l?rasi', 287269, 7, 50, 50); 

INSERT INTO JUDETE (COD_JUDET, NUME_JUD, POPULATIE_JUDET, NR_ORASE, POP_URBANA, POP_RURALA)  
VALUES (36, 'Giurgiu', 267147, 6, 60, 40);   

INSERT INTO JUDETE (COD_JUDET, NUME_JUD, POPULATIE_JUDET, NR_ORASE, POP_URBANA, POP_RURALA)  
VALUES (37, 'Ialomita', 265559, 5, 40, 60);  

INSERT INTO JUDETE (COD_JUDET, NUME_JUD, POPULATIE_JUDET, NR_ORASE, POP_URBANA, POP_RURALA)  
VALUES (38, 'Mehedinti', 259212, 3, 50, 50); 

INSERT INTO JUDETE (COD_JUDET, NUME_JUD, POPULATIE_JUDET, NR_ORASE, POP_URBANA, POP_RURALA)  
VALUES (39, 'S?laj', 225631, 5, 60, 40);  

INSERT INTO JUDETE (COD_JUDET, NUME_JUD, POPULATIE_JUDET, NR_ORASE, POP_URBANA, POP_RURALA)  
VALUES (40, 'Tulcea', 211622, 4, 40, 60); 
  
INSERT INTO JUDETE (COD_JUDET, NUME_JUD, POPULATIE_JUDET, NR_ORASE, POP_URBANA, POP_RURALA)  
VALUES (41, 'Covasna', 22375, 7, 50, 50); 

-- Inserare date LOCALITATI

INSERT INTO LOCALITATI (COD_LOCALITATE, NUME_LOC, POPULATIE_LOC, COD_JUDET)  
VALUES (1, 'Targoviste', 90000, 14); 

INSERT INTO LOCALITATI (COD_LOCALITATE, NUME_LOC, POPULATIE_LOC, COD_JUDET)  
VALUES (2, 'Ploiesti', 200000, 2); 

INSERT INTO LOCALITATI (COD_LOCALITATE, NUME_LOC, POPULATIE_LOC, COD_JUDET)  
VALUES (3, 'Moreni', 20000, 14); 

INSERT INTO LOCALITATI (COD_LOCALITATE, NUME_LOC, POPULATIE_LOC, COD_JUDET)  
VALUES (4, 'Pucioasa', 14000, 14); 

INSERT INTO LOCALITATI (COD_LOCALITATE, NUME_LOC, POPULATIE_LOC, COD_JUDET)  
VALUES (5, 'Timisoara', 300000, 4); 

INSERT INTO LOCALITATI (COD_LOCALITATE, NUME_LOC, POPULATIE_LOC, COD_JUDET)  
VALUES (6, 'Arad', 130000, 19); 

INSERT INTO LOCALITATI (COD_LOCALITATE, NUME_LOC, POPULATIE_LOC, COD_JUDET)  
VALUES (7, 'Gaesti', 18000, 14); 

INSERT INTO LOCALITATI (COD_LOCALITATE, NUME_LOC, POPULATIE_LOC, COD_JUDET)  
VALUES (8, 'Titu', 10000, 14); 

--  Inserare date LANT COMPANII

INSERT INTO LANT_COMPANII (COD_COMPANIE, NUME_COMPANIE, TIP_MAGAZIN, STR_SEDIU, NR_SEDIU, CIFRA_AFACERI, COD_LOCALITATE, NR_CONTRACTE, NR_CAMP_MKT)  
VALUES (1, 'Kaufland', 'discount', 'Trandafirilor', 23, 1200000, 5, 4, 2); 

INSERT INTO LANT_COMPANII (COD_COMPANIE, NUME_COMPANIE, TIP_MAGAZIN, STR_SEDIU, NR_SEDIU, CIFRA_AFACERI, COD_LOCALITATE , NR_CONTRACTE, NR_CAMP_MKT)  
VALUES (2, 'Lidl', 'discount', 'Masinilor', 2, 1000000, 6,  3, 1, 2);   

INSERT INTO LANT_COMPANII (COD_COMPANIE, NUME_COMPANIE, TIP_MAGAZIN, STR_SEDIU, NR_SEDIU, CIFRA_AFACERI, COD_LOCALITATE , NR_CONTRACTE, NR_CAMP_MKT)  
VALUES (3, 'Profi', 'proximitate', 'Unirii', 111, 900000, 6,  1, 1, 2); 

INSERT INTO LANT_COMPANII (COD_COMPANIE, NUME_COMPANIE, TIP_MAGAZIN, STR_SEDIU, NR_SEDIU, CIFRA_AFACERI, COD_LOCALITATE , NR_CONTRACTE, NR_CAMP_MKT)  
VALUES (4, 'Mega Image', 'proximitate', 'Carierei', 33, 750000, 1, 1, 1);   

INSERT INTO LANT_COMPANII (COD_COMPANIE, NUME_COMPANIE, TIP_MAGAZIN, STR_SEDIU, NR_SEDIU, CIFRA_AFACERI, COD_LOCALITATE , NR_CONTRACTE, NR_CAMP_MKT)  
VALUES (5, 'Dedeman', 'constructii', 'Principala', 1, 1000000, 6, 1, 1); 

INSERT INTO LANT_COMPANII (COD_COMPANIE, NUME_COMPANIE, TIP_MAGAZIN, STR_SEDIU, NR_SEDIU, CIFRA_AFACERI, COD_LOCALITATE , NR_CONTRACTE, NR_CAMP_MKT)  
VALUES (6, 'Brico Store', 'constructii', 'Primaverii', 23, 5000000, 2, 1, 1); 

--  Inserare date CAMPANII MARKETING

INSERT INTO CAMPANII_MARKETING (COD_MARKETING, NUME_CAMPANIE, INCEPERE, FINALIZARE, BUGET, COD_COMPANIE)  
VALUES (1, 'Lunea la Lidl', to_date('10.05.2020', 'DD/MM/YYYY'), to_date('10.05.2021', 'DD/MM/YYYY'), 1000000, 2); 

INSERT INTO CAMPANII_MARKETING (COD_MARKETING, NUME_CAMPANIE, INCEPERE, FINALIZARE, BUGET, COD_COMPANIE)  
VALUES (2, 'Kauflandtastic', to_date('19.10.2020', 'DD/MM/YYYY'), to_date('19.10.2021', 'DD/MM/YYYY'), 123456, 1); 
  
INSERT INTO CAMPANII_MARKETING (COD_MARKETING, NUME_CAMPANIE, INCEPERE, FINALIZARE, BUGET, COD_COMPANIE)  
VALUES (3, 'Mega Aproape', to_date('10.10.2019', 'DD/MM/YYYY'), to_date('10.10.2020', 'DD/MM/YYYY'), 2790000, 4); 

INSERT INTO CAMPANII_MARKETING (COD_MARKETING, NUME_CAMPANIE, INCEPERE, FINALIZARE, BUGET, COD_COMPANIE)  
VALUES (4, 'Briconstructii', to_date('05.07.2018', 'DD/MM/YYYY'), to_date('10.10.2019', 'DD/MM/YYYY'), 1234533, 6); 

INSERT INTO CAMPANII_MARKETING (COD_MARKETING, NUME_CAMPANIE, INCEPERE, FINALIZARE, BUGET, COD_COMPANIE)  
VALUES (5, 'Kaufland e ieftin', to_date('03.05.2020', 'DD/MM/YYYY'), to_date('03.05.2021', 'DD/MM/YYYY'), 3456781, 1); 

INSERT INTO CAMPANII_MARKETING (COD_MARKETING, NUME_CAMPANIE, INCEPERE, FINALIZARE, BUGET, COD_COMPANIE)  
VALUES (6, 'Hai la Profi', to_date('20.11.2019', 'DD/MM/YYYY'), to_date('20.11.2021', 'DD/MM/YYYY'), 230523, 3); 

INSERT INTO CAMPANII_MARKETING (COD_MARKETING, NUME_CAMPANIE, INCEPERE, FINALIZARE, BUGET, COD_COMPANIE)  
VALUES (7, 'Dedeman, mereu aproape', to_date('13.12.2020', 'DD/MM/YYYY'), to_date('13.07.2021', 'DD/MM/YYYY'), 1300997, 5); 

INSERT INTO CAMPANII_MARKETING (COD_MARKETING, NUME_CAMPANIE, INCEPERE, FINALIZARE, BUGET, COD_COMPANIE)  
VALUES (8, 'Profi langa tine', to_date('16.12.2020', 'DD/MM/YYYY'), to_date('11.03.2022', 'DD/MM/YYYY'), 1110000, 3); 
 
INSERT INTO CAMPANII_MARKETING (COD_MARKETING, NUME_CAMPANIE, INCEPERE, FINALIZARE, BUGET, COD_COMPANIE)  
VALUES (9, 'Kaufland TV', to_date('11.11.2020', 'DD/MM/YYYY'), to_date('11.11.2022', 'DD/MM/YYYY'), 2324449, 1); 

INSERT INTO CAMPANII_MARKETING (COD_MARKETING, NUME_CAMPANIE, INCEPERE, FINALIZARE, BUGET, COD_COMPANIE)  
VALUES (10, 'Lidl TV', to_date('19.04.2019', 'DD/MM/YYYY'), to_date('19.04.2020', 'DD/MM/YYYY'), 2222222, 2); 

--  Inserare date POSTURI TELEVIZIUNE

INSERT INTO POST_TV (COD_TV, NUME_POST, COST_INT1, COST_INT2)  
VALUES (1, 'PRO TV', 500, 750); 

INSERT INTO POST_TV (COD_TV, NUME_POST, COST_INT1, COST_INT2)  
VALUES (2, 'DIGI 24', 350, 600); 

INSERT INTO POST_TV (COD_TV, NUME_POST, COST_INT1, COST_INT2)  
VALUES (3, 'NATIONAL GEOGRPHIC', 150, 300);  

INSERT INTO POST_TV (COD_TV, NUME_POST, COST_INT1, COST_INT2)  
VALUES (4, 'DISCOVERY', 200, 290); 

INSERT INTO POST_TV (COD_TV, NUME_POST, COST_INT1, COST_INT2)  
VALUES (5, 'TVR1', 350, 550); 

--  Inserare date CAMPANII TELEVIZIUNE

INSERT INTO TELEVIZAT (COD_TELEVIZAT, DURATA_SPOT, DIFUZARE_INT1, DIFUZARE_INT2, COD_MARKETING, COD_TV)  
VALUES (1, 30, 23, 50, 9, 1); 

INSERT INTO TELEVIZAT (COD_TELEVIZAT, DURATA_SPOT, DIFUZARE_INT1, DIFUZARE_INT2, COD_MARKETING, COD_TV)  
VALUES (2, 30, 19, 77, 9, 2); 

INSERT INTO TELEVIZAT (COD_TELEVIZAT, DURATA_SPOT, DIFUZARE_INT1, DIFUZARE_INT2, COD_MARKETING, COD_TV)  
VALUES (3, 30, 12, 34, 9, 5); 

INSERT INTO TELEVIZAT (COD_TELEVIZAT, DURATA_SPOT, DIFUZARE_INT1, DIFUZARE_INT2, COD_MARKETING, COD_TV)  
VALUES (4, 45, 33, 45, 10, 3); 

INSERT INTO TELEVIZAT (COD_TELEVIZAT, DURATA_SPOT, DIFUZARE_INT1, DIFUZARE_INT2, COD_MARKETING, COD_TV)  
VALUES (5, 45, 7, 33, 10, 4); 

INSERT INTO TELEVIZAT (COD_TELEVIZAT, DURATA_SPOT, DIFUZARE_INT1, DIFUZARE_INT2, COD_MARKETING, COD_TV)  
VALUES (6, 29, 23, 55, 7, 1); 

INSERT INTO TELEVIZAT (COD_TELEVIZAT, DURATA_SPOT, DIFUZARE_INT1, DIFUZARE_INT2, COD_MARKETING, COD_TV)  
VALUES (7, 29, 33, 56, 7, 3);  

INSERT INTO TELEVIZAT (COD_TELEVIZAT, DURATA_SPOT, DIFUZARE_INT1, DIFUZARE_INT2, COD_MARKETING, COD_TV)  
VALUES (8, 29, 40, 50, 7, 5); 

INSERT INTO TELEVIZAT (COD_TELEVIZAT, DURATA_SPOT, DIFUZARE_INT1, DIFUZARE_INT2, COD_MARKETING, COD_TV)  
VALUES (9, 30, 23, 21, 4, 2); 

INSERT INTO TELEVIZAT (COD_TELEVIZAT, DURATA_SPOT, DIFUZARE_INT1, DIFUZARE_INT2, COD_MARKETING, COD_TV)  
VALUES (10, 44, 34, 44, 2, 1); 

INSERT INTO TELEVIZAT (COD_TELEVIZAT, DURATA_SPOT, DIFUZARE_INT1, DIFUZARE_INT2, COD_MARKETING, COD_TV)  
VALUES (11, 44, 44, 39, 2, 2); 

INSERT INTO TELEVIZAT (COD_TELEVIZAT, DURATA_SPOT, DIFUZARE_INT1, DIFUZARE_INT2, COD_MARKETING, COD_TV)  
VALUES (12, 11, 21, 57, 1, 3); 

INSERT INTO TELEVIZAT (COD_TELEVIZAT, DURATA_SPOT, DIFUZARE_INT1, DIFUZARE_INT2, COD_MARKETING, COD_TV)  
VALUES (13, 25, 32, 48, 6, 2); 

--   Inserare date CAMPANII ONLINE

INSERT INTO CAMP_ONLINE (COD_ONLINE, BUGET_ONLINE, NR_SITEURI, DURATA_CLIP, COD_MARKETING)  
VALUES (1, 1234124, 23, 23, 3); 

INSERT INTO CAMP_ONLINE (COD_ONLINE, BUGET_ONLINE, NR_SITEURI, DURATA_CLIP, COD_MARKETING)  
VALUES (2, 333351, 12, 25, 1); 

INSERT INTO CAMP_ONLINE (COD_ONLINE, BUGET_ONLINE, NR_SITEURI, DURATA_CLIP, COD_MARKETING)  
VALUES (3, 22234, 22, 12, 4); 

INSERT INTO CAMP_ONLINE (COD_ONLINE, BUGET_ONLINE, NR_SITEURI, DURATA_CLIP, COD_MARKETING)  
VALUES (4, 32235, 3, 6, 6); 

INSERT INTO CAMP_ONLINE (COD_ONLINE, BUGET_ONLINE, NR_SITEURI, DURATA_CLIP, COD_MARKETING)  
VALUES (5, 112328, 12, 20, 8); 

INSERT INTO CAMP_ONLINE (COD_ONLINE, BUGET_ONLINE, NR_SITEURI, DURATA_CLIP, COD_MARKETING)  
VALUES (6, 567234, 21, 18, 2); 

-- Inserare date CAMPANII OFFLINE

INSERT INTO CAMP_OFFLINE (COD_OFFLINE, BUGET_OFFLINE, BUGET_REVISTE, BUGET_PLIANTE, BUGET_PANOURI, COD_MARKETING)  
VALUES (1, 123133, 20, 40, 60, 1); 

INSERT INTO CAMP_OFFLINE (COD_OFFLINE, BUGET_OFFLINE, BUGET_REVISTE, BUGET_PLIANTE, BUGET_PANOURI, COD_MARKETING)  
VALUES (2, 121322, 20, 0, 80, 2); 

INSERT INTO CAMP_OFFLINE (COD_OFFLINE, BUGET_OFFLINE, BUGET_REVISTE, BUGET_PLIANTE, BUGET_PANOURI, COD_MARKETING)  
VALUES (3, 122122, 15, 35, 60, 4); 

INSERT INTO CAMP_OFFLINE (COD_OFFLINE, BUGET_OFFLINE, BUGET_REVISTE, BUGET_PLIANTE, BUGET_PANOURI, COD_MARKETING)  
VALUES (4, 2322323, 49, 0, 51, 7); 

INSERT INTO CAMP_OFFLINE (COD_OFFLINE, BUGET_OFFLINE, BUGET_REVISTE, BUGET_PLIANTE, BUGET_PANOURI, COD_MARKETING)  
VALUES (5, 32323, 25, 25, 50, 5); 

-- Inserare date LOCALITATI TINTA

INSERT INTO LOCALITATI_TINTA (COD_TINTA, NR_REVISTE, NR_PLIANTE, NR_PANOURI, COD_OFFLINE, COD_LOCALITATE)  
VALUES (1, 22233, NULL, 12, 2, 5); 

INSERT INTO LOCALITATI_TINTA (COD_TINTA, NR_REVISTE, NR_PLIANTE, NR_PANOURI, COD_OFFLINE, COD_LOCALITATE)  
VALUES (2, 3000, NULL, 23, 2, 3); 

INSERT INTO LOCALITATI_TINTA (COD_TINTA, NR_REVISTE, NR_PLIANTE, NR_PANOURI, COD_OFFLINE, COD_LOCALITATE)  
VALUES (3, 5000, NULL, 12, 4, 4); 

INSERT INTO LOCALITATI_TINTA (COD_TINTA, NR_REVISTE, NR_PLIANTE, NR_PANOURI, COD_OFFLINE, COD_LOCALITATE)  
VALUES (4, 4500, NULL, 12, 4, 3); 

INSERT INTO LOCALITATI_TINTA (COD_TINTA, NR_REVISTE, NR_PLIANTE, NR_PANOURI, COD_OFFLINE, COD_LOCALITATE)  
VALUES (5, 67000, NULL, 22, 4, 6); 

INSERT INTO LOCALITATI_TINTA (COD_TINTA, NR_REVISTE, NR_PLIANTE, NR_PANOURI, COD_OFFLINE, COD_LOCALITATE)  
VALUES (6, 8500, NULL, 11, 4, 2); 

INSERT INTO LOCALITATI_TINTA (COD_TINTA, NR_REVISTE, NR_PLIANTE, NR_PANOURI, COD_OFFLINE, COD_LOCALITATE)  
VALUES (7, 6900, NULL, 22, 4, 1); 

INSERT INTO LOCALITATI_TINTA (COD_TINTA, NR_REVISTE, NR_PLIANTE, NR_PANOURI, COD_OFFLINE, COD_LOCALITATE)  
VALUES (8, 11000, 2323, 12, 1, 2); 

INSERT INTO LOCALITATI_TINTA (COD_TINTA, NR_REVISTE, NR_PLIANTE, NR_PANOURI, COD_OFFLINE, COD_LOCALITATE)  
VALUES (9, 19000, 2222, 12, 1, 3); 

INSERT INTO LOCALITATI_TINTA (COD_TINTA, NR_REVISTE, NR_PLIANTE, NR_PANOURI, COD_OFFLINE, COD_LOCALITATE)  
VALUES (10, 2100, 33333, 3, 3, 4); 

INSERT INTO LOCALITATI_TINTA (COD_TINTA, NR_REVISTE, NR_PLIANTE, NR_PANOURI, COD_OFFLINE, COD_LOCALITATE)  
VALUES (11, 21212, 2222, 21, 3, 6); 

INSERT INTO LOCALITATI_TINTA (COD_TINTA, NR_REVISTE, NR_PLIANTE, NR_PANOURI, COD_OFFLINE, COD_LOCALITATE)  
VALUES (12, 455553, 323, 2, 2, 5); 

INSERT INTO LOCALITATI_TINTA (COD_TINTA, NR_REVISTE, NR_PLIANTE, NR_PANOURI, COD_OFFLINE, COD_LOCALITATE)  
VALUES (13, 53333, 12121, 1, 5, 1); 

INSERT INTO LOCALITATI_TINTA (COD_TINTA, NR_REVISTE, NR_PLIANTE, NR_PANOURI, COD_OFFLINE, COD_LOCALITATE)  
VALUES (14, 44423, 222, 23, 5, 5); 

--  Inserare date ANGAJATI

INSERT INTO DATE_ANGAJATI (COD_ANGAJATI, NR_ANG, JOB, SALARIU_MIN, SALARIU_MAX, COD_COMPANIE)  
VALUES (1, 25000, 'vanzator', 1900, 2839, 1); 

INSERT INTO DATE_ANGAJATI (COD_ANGAJATI, NR_ANG, JOB, SALARIU_MIN, SALARIU_MAX, COD_COMPANIE)  
VALUES (2, 30000, 'vanzator', 1850, 2845, 2); 

INSERT INTO DATE_ANGAJATI (COD_ANGAJATI, NR_ANG, JOB, SALARIU_MIN, SALARIU_MAX, COD_COMPANIE)  
VALUES (3, 23000, 'vanzator', 1650, 2935, 3); 

INSERT INTO DATE_ANGAJATI (COD_ANGAJATI, NR_ANG, JOB, SALARIU_MIN, SALARIU_MAX, COD_COMPANIE)  
VALUES (4, 8000, 'vanzator', 1700, 2771, 4); 

INSERT INTO DATE_ANGAJATI (COD_ANGAJATI, NR_ANG, JOB, SALARIU_MIN, SALARIU_MAX, COD_COMPANIE)  
VALUES (5, 7500, 'vanzator', 1750, 2577, 5); 

INSERT INTO DATE_ANGAJATI (COD_ANGAJATI, NR_ANG, JOB, SALARIU_MIN, SALARIU_MAX, COD_COMPANIE)  
VALUES (6, 9000, 'vanzator', 1790, 2682, 6); 

INSERT INTO DATE_ANGAJATI (COD_ANGAJATI, NR_ANG, JOB, SALARIU_MIN, SALARIU_MAX, COD_COMPANIE)  
VALUES (7, 1000, 'manager', 3141, 4074, 1); 

INSERT INTO DATE_ANGAJATI (COD_ANGAJATI, NR_ANG, JOB, SALARIU_MIN, SALARIU_MAX, COD_COMPANIE)  
VALUES (8, 800, 'manager', 3056, 4871, 2);  

INSERT INTO DATE_ANGAJATI (COD_ANGAJATI, NR_ANG, JOB, SALARIU_MIN, SALARIU_MAX, COD_COMPANIE)  
VALUES (9, 750, 'manager', 2528, 4907, 3); 

INSERT INTO DATE_ANGAJATI (COD_ANGAJATI, NR_ANG, JOB, SALARIU_MIN, SALARIU_MAX, COD_COMPANIE)  
VALUES (10, 450, 'manager', 3122, 3552, 4); 

INSERT INTO DATE_ANGAJATI (COD_ANGAJATI, NR_ANG, JOB, SALARIU_MIN, SALARIU_MAX, COD_COMPANIE)  
VALUES (11, 700, 'manager', 3190, 3813, 5); 

INSERT INTO DATE_ANGAJATI (COD_ANGAJATI, NR_ANG, JOB, SALARIU_MIN, SALARIU_MAX, COD_COMPANIE)  
VALUES (12, 500, 'manager', 2790, 4601, 6); 

--  Inserare date CENTRE LOGISTICE

INSERT INTO CENTRE_LOGISTICE (COD_LOGISTIC, STR_LOGI, NR_LOGI, SUPRAFATA_DEPOZIT, COD_COMPANIE, COD_LOCALITATE)  
VALUES (1, 'Rozei', 89, 59960, 1, 2);  

INSERT INTO CENTRE_LOGISTICE (COD_LOGISTIC, STR_LOGI, NR_LOGI, SUPRAFATA_DEPOZIT, COD_COMPANIE, COD_LOCALITATE)  
VALUES (2, 'Mangnoliei', 61, 76300, 2, 5);  

INSERT INTO CENTRE_LOGISTICE (COD_LOGISTIC, STR_LOGI, NR_LOGI, SUPRAFATA_DEPOZIT, COD_COMPANIE, COD_LOCALITATE)  
VALUES (3, 'Ienuparului', 55, 18579, 3, 2); 

INSERT INTO CENTRE_LOGISTICE (COD_LOGISTIC, STR_LOGI, NR_LOGI, SUPRAFATA_DEPOZIT, COD_COMPANIE, COD_LOCALITATE)  
VALUES (4, 'Carierei', 62, 43393, 4, 6); 

INSERT INTO CENTRE_LOGISTICE (COD_LOGISTIC, STR_LOGI, NR_LOGI, SUPRAFATA_DEPOZIT, COD_COMPANIE, COD_LOCALITATE)  
VALUES (5, 'Sinaia', 80, 98414, 5, 6); 

INSERT INTO CENTRE_LOGISTICE (COD_LOGISTIC, STR_LOGI, NR_LOGI, SUPRAFATA_DEPOZIT, COD_COMPANIE, COD_LOCALITATE)  
VALUES (6, 'Hotelului', 68, 99122, 6, 5); 

INSERT INTO CENTRE_LOGISTICE (COD_LOGISTIC, STR_LOGI, NR_LOGI, SUPRAFATA_DEPOZIT, COD_COMPANIE, COD_LOCALITATE)  
VALUES (7, 'Animalelor', 47, 92302, 1, 2); 

INSERT INTO CENTRE_LOGISTICE (COD_LOGISTIC, STR_LOGI, NR_LOGI, SUPRAFATA_DEPOZIT, COD_COMPANIE, COD_LOCALITATE)  
VALUES (8, 'Calea Mare', 16, 93396, 2, 1); 

INSERT INTO CENTRE_LOGISTICE (COD_LOGISTIC, STR_LOGI, NR_LOGI, SUPRAFATA_DEPOZIT, COD_COMPANIE, COD_LOCALITATE)  
VALUES (9, 'Principala', 76, 93375, 3, 2); 

INSERT INTO CENTRE_LOGISTICE (COD_LOGISTIC, STR_LOGI, NR_LOGI, SUPRAFATA_DEPOZIT, COD_COMPANIE, COD_LOCALITATE)  
VALUES (10, 'Universitatii', 54, 62905, 4, 2); 

INSERT INTO CENTRE_LOGISTICE (COD_LOGISTIC, STR_LOGI, NR_LOGI, SUPRAFATA_DEPOZIT, COD_COMPANIE, COD_LOCALITATE)  
VALUES (11, 'Dealului', 39, 60850, 5, 1); 

INSERT INTO CENTRE_LOGISTICE (COD_LOGISTIC, STR_LOGI, NR_LOGI, SUPRAFATA_DEPOZIT, COD_COMPANIE, COD_LOCALITATE)  
VALUES (12, 'Urcusului', 56, 62170, 6, 5); 

INSERT INTO CENTRE_LOGISTICE (COD_LOGISTIC, STR_LOGI, NR_LOGI, SUPRAFATA_DEPOZIT, COD_COMPANIE, COD_LOCALITATE)  
VALUES (13, 'Muzeului', 66, 61136, 6, 5);

--   Inserare date SPATII COMERCIALE

INSERT INTO SPATII_COMERCIALE (COD_MAGAZIN, STR_MAG, NR_MAG, SUPRAFATA_MAG, CIFRA_VANZARI, DATA_DESCHIDERE, COD_COMPANIE, COD_LOCALITATE, COD_LOGISTIC)  
VALUES (1, 'Strada Mare', 96, 5325, 23452, to_date('11.11.2017', 'DD/MM/YYYY'), 2, 1, 1); 

INSERT INTO SPATII_COMERCIALE (COD_MAGAZIN, STR_MAG, NR_MAG, SUPRAFATA_MAG, CIFRA_VANZARI, DATA_DESCHIDERE, COD_COMPANIE, COD_LOCALITATE, COD_LOGISTIC)  
VALUES (2, 'Unirii', 161, 7839, 343434, to_date('12.06.2020', 'DD/MM/YYYY'), 2, 2, 2); 

INSERT INTO SPATII_COMERCIALE (COD_MAGAZIN, STR_MAG, NR_MAG, SUPRAFATA_MAG, CIFRA_VANZARI, DATA_DESCHIDERE, COD_COMPANIE, COD_LOCALITATE, COD_LOGISTIC)  
VALUES (3, 'Revolutiei', 119, 8852, 1132344, to_date('12.11.2019', 'DD/MM/YYYY'), 1, 3, 3); 

INSERT INTO SPATII_COMERCIALE (COD_MAGAZIN, STR_MAG, NR_MAG, SUPRAFATA_MAG, CIFRA_VANZARI, DATA_DESCHIDERE, COD_COMPANIE, COD_LOCALITATE, COD_LOGISTIC)  
VALUES (4, 'Victoriei', 183, 8887, 3434344, to_date('17.11.2021', 'DD/MM/YYYY'), 1, 4, 4); 

INSERT INTO SPATII_COMERCIALE (COD_MAGAZIN, STR_MAG, NR_MAG, SUPRAFATA_MAG, CIFRA_VANZARI, DATA_DESCHIDERE, COD_COMPANIE, COD_LOCALITATE, COD_LOGISTIC)  
VALUES (5, 'Geamana', 142, 10222, 234343, to_date('05.10.2012', 'DD/MM/YYYY'), 5, 5, 5);  

INSERT INTO SPATII_COMERCIALE (COD_MAGAZIN, STR_MAG, NR_MAG, SUPRAFATA_MAG, CIFRA_VANZARI, DATA_DESCHIDERE, COD_COMPANIE, COD_LOCALITATE, COD_LOGISTIC)  
VALUES (6, 'Daneza', 171, 9921, 22323, to_date('23.11.2012', 'DD/MM/YYYY'), 4, 6, 6); 

INSERT INTO SPATII_COMERCIALE (COD_MAGAZIN, STR_MAG, NR_MAG, SUPRAFATA_MAG, CIFRA_VANZARI, DATA_DESCHIDERE, COD_COMPANIE, COD_LOCALITATE, COD_LOGISTIC)  
VALUES (7, 'Margaretei', 33, 5095, 43434, to_date('08.01.2013', 'DD/MM/YYYY'), 3, 1, 7); 

INSERT INTO SPATII_COMERCIALE (COD_MAGAZIN, STR_MAG, NR_MAG, SUPRAFATA_MAG, CIFRA_VANZARI, DATA_DESCHIDERE, COD_COMPANIE, COD_LOCALITATE, COD_LOGISTIC)  
VALUES (8, 'Rusiei', 200, 12264, 34344, to_date('19.01.2017', 'DD/MM/YYYY'), 2, 2, 8);  

INSERT INTO SPATII_COMERCIALE (COD_MAGAZIN, STR_MAG, NR_MAG, SUPRAFATA_MAG, CIFRA_VANZARI, DATA_DESCHIDERE, COD_COMPANIE, COD_LOCALITATE, COD_LOGISTIC)  
VALUES (9, 'Germaniei', 95, 9019, 22343, to_date('23.12.2012', 'DD/MM/YYYY'), 2, 3, 9); 

INSERT INTO SPATII_COMERCIALE (COD_MAGAZIN, STR_MAG, NR_MAG, SUPRAFATA_MAG, CIFRA_VANZARI, DATA_DESCHIDERE, COD_COMPANIE, COD_LOCALITATE, COD_LOGISTIC)  
VALUES (10, 'Polona', 122, 12439, 334344, to_date('01.02.2012', 'DD/MM/YYYY'), 5, 4, 1); 

INSERT INTO SPATII_COMERCIALE (COD_MAGAZIN, STR_MAG, NR_MAG, SUPRAFATA_MAG, CIFRA_VANZARI, DATA_DESCHIDERE, COD_COMPANIE, COD_LOCALITATE, COD_LOGISTIC)  
VALUES (11, 'Mosilor', 196, 8196, 333341, to_date('13.12.2020', 'DD/MM/YYYY'), 6, 5, 2); 

INSERT INTO SPATII_COMERCIALE (COD_MAGAZIN, STR_MAG, NR_MAG, SUPRAFATA_MAG, CIFRA_VANZARI, DATA_DESCHIDERE, COD_COMPANIE, COD_LOCALITATE, COD_LOGISTIC)  
VALUES (12, 'Franceza', 46, 9649, 3434343, to_date('22.07.2014', 'DD/MM/YYYY'), 4, 6, 3); 

INSERT INTO SPATII_COMERCIALE (COD_MAGAZIN, STR_MAG, NR_MAG, SUPRAFATA_MAG, CIFRA_VANZARI, DATA_DESCHIDERE, COD_COMPANIE, COD_LOCALITATE, COD_LOGISTIC)  
VALUES (13, 'Platanilor', 167, 8630, 324243, to_date('31.07.2016', 'DD/MM/YYYY'), 3, 1, 4); 

INSERT INTO SPATII_COMERCIALE (COD_MAGAZIN, STR_MAG, NR_MAG, SUPRAFATA_MAG, CIFRA_VANZARI, DATA_DESCHIDERE, COD_COMPANIE, COD_LOCALITATE, COD_LOGISTIC)  
VALUES (14, 'Horei', 13, 14467, 3434344, to_date('11.02.2017', 'DD/MM/YYYY'), 1, 2, 5); 

INSERT INTO SPATII_COMERCIALE (COD_MAGAZIN, STR_MAG, NR_MAG, SUPRAFATA_MAG, CIFRA_VANZARI, DATA_DESCHIDERE, COD_COMPANIE, COD_LOCALITATE, COD_LOGISTIC)  
VALUES (15, 'Prieteniei', 138, 7330, 343433, to_date('11.11.2019', 'DD/MM/YYYY'), 1, 2, 7); 

INSERT INTO SPATII_COMERCIALE (COD_MAGAZIN, STR_MAG, NR_MAG, SUPRAFATA_MAG, CIFRA_VANZARI, DATA_DESCHIDERE, COD_COMPANIE, COD_LOCALITATE, COD_LOGISTIC)  
VALUES (16, 'Varsovia', 10, 7800, 503433, to_date('11.10.2019', 'DD/MM/YYYY'), 1, 1, 1); 

INSERT INTO SPATII_COMERCIALE (COD_MAGAZIN, STR_MAG, NR_MAG, SUPRAFATA_MAG, CIFRA_VANZARI, DATA_DESCHIDERE, COD_COMPANIE, COD_LOCALITATE, COD_LOGISTIC)  
VALUES (17, 'Calea Domneasca', 101, 7900, 553433, to_date('11.10.2015', 'DD/MM/YYYY'), 1, 1, 7); 

INSERT INTO SPATII_COMERCIALE (COD_MAGAZIN, STR_MAG, NR_MAG, SUPRAFATA_MAG, CIFRA_VANZARI, DATA_DESCHIDERE, COD_COMPANIE, COD_LOCALITATE, COD_LOGISTIC)  
VALUES (18, 'Bulevardul Garii', 181, 6900, 53433, to_date('11.10.2017', 'DD/MM/YYYY'), 1, 8, 7); 

INSERT INTO SPATII_COMERCIALE (COD_MAGAZIN, STR_MAG, NR_MAG, SUPRAFATA_MAG, CIFRA_VANZARI, DATA_DESCHIDERE, COD_COMPANIE, COD_LOCALITATE, COD_LOGISTIC)  
VALUES (19, 'Protopopescu', 11, 5000, 63433, to_date('21.10.2016', 'DD/MM/YYYY'), 1, 7, 1); 

--  Inserare date PRODUCATORI

INSERT INTO PRODUCATORI (COD_PRODUCATOR, TARA, NUME_PRODUCATOR, NUME_PRODUS, CANTITATE_DISPONIBILA, PRET_UNITAR)  
VALUES (1, 'Romania', 'Fructe legume SRL', 'fructe', 25000, 20); 

INSERT INTO PRODUCATORI (COD_PRODUCATOR, TARA, NUME_PRODUCATOR, NUME_PRODUS, CANTITATE_DISPONIBILA, PRET_UNITAR)  
VALUES (2, 'Germania', 'Household', 'parchet' , 65000, 35); 

INSERT INTO PRODUCATORI (COD_PRODUCATOR, TARA, NUME_PRODUCATOR, NUME_PRODUS, CANTITATE_DISPONIBILA, PRET_UNITAR)  
VALUES (3, 'Ucraina', 'Cabluri ', 'cabluri' , 10000, 14); 

INSERT INTO PRODUCATORI (COD_PRODUCATOR, TARA, NUME_PRODUCATOR, NUME_PRODUS, CANTITATE_DISPONIBILA, PRET_UNITAR)  
VALUES (4, 'Bulgaria', 'Plodviv ', 'carne de porc' , 75000, 22); 

INSERT INTO PRODUCATORI (COD_PRODUCATOR, TARA, NUME_PRODUCATOR, NUME_PRODUS, CANTITATE_DISPONIBILA, PRET_UNITAR) 
VALUES (5, 'Franta', 'Baguette', 'branzeturi' , 100000, 40); 

INSERT INTO PRODUCATORI (COD_PRODUCATOR, TARA, NUME_PRODUCATOR, NUME_PRODUS, CANTITATE_DISPONIBILA, PRET_UNITAR)  
VALUES (6, 'Cehia', 'Nazdrovia', 'bere' , 25000, 5); 

INSERT INTO PRODUCATORI (COD_PRODUCATOR, TARA, NUME_PRODUCATOR, NUME_PRODUS, CANTITATE_DISPONIBILA, PRET_UNITAR)  
VALUES (7, 'Italia', 'Italiano', 'paste' , 54000, 15);

--  Inserare date DISTRIBUITORI

INSERT INTO DISTRIBUITOR (COD_DISTRIBUITOR, CANTITATE_MARFA, NR_VEHICULE, NUME_DISTRIBUITOR)  
VALUES (1, 235000, 120, 'Fulger Transport'); 

INSERT INTO DISTRIBUITOR (COD_DISTRIBUITOR, CANTITATE_MARFA, NR_VEHICULE, NUME_DISTRIBUITOR)  
VALUES (2, 39000, 20, 'DVL'); 

INSERT INTO DISTRIBUITOR (COD_DISTRIBUITOR, CANTITATE_MARFA, NR_VEHICULE, NUME_DISTRIBUITOR)  
VALUES (3, 500000, 100, 'Transport Rapid SRL'); 

INSERT INTO DISTRIBUITOR (COD_DISTRIBUITOR, CANTITATE_MARFA, NR_VEHICULE, NUME_DISTRIBUITOR)  
VALUES (4, 9000, 20, 'ROG'); 

INSERT INTO DISTRIBUITOR (COD_DISTRIBUITOR, CANTITATE_MARFA, NR_VEHICULE, NUME_DISTRIBUITOR)  
VALUES (5, 700000, 160, 'Cargurs Marfa'); 

--  Inserare date CONTRACTE

INSERT INTO CONTRACTE (ID_COMANDA, CANTITATE_PROD, COD_DISTRIBUITOR, COD_PRODUCATOR, COD_LOGISTIC, INCEPERE, INCHEIERE)  
VALUES (1, 11232, 2, 1, 1, to_date('21.10.2020', 'DD/MM/YYYY'), to_date('21.10.2023', 'DD/MM/YYYY')); 

INSERT INTO CONTRACTE (ID_COMANDA, CANTITATE_PROD, COD_DISTRIBUITOR, COD_PRODUCATOR, COD_LOGISTIC, INCEPERE, INCHEIERE) 
VALUES (2, 4343, 5, 2, 2, to_date('01.01.2019', 'DD/MM/YYYY'), to_date('01.01.2019', 'DD/MM/YYYY')); 

INSERT INTO CONTRACTE (ID_COMANDA, CANTITATE_PROD, COD_DISTRIBUITOR, COD_PRODUCATOR, COD_LOGISTIC, INCEPERE, INCHEIERE)  
VALUES (3, 2322, 5, 3, 3, to_date('18.10.2018', 'DD/MM/YYYY'), to_date('18.10.2021', 'DD/MM/YYYY'));   

INSERT INTO CONTRACTE (ID_COMANDA, CANTITATE_PROD, COD_DISTRIBUITOR, COD_PRODUCATOR, COD_LOGISTIC, INCEPERE, INCHEIERE)   
VALUES (4, 34555, 5, 4, 4, to_date('15.07.2021', 'DD/MM/YYYY'), to_date('15.07.2024', 'DD/MM/YYYY')); 

INSERT INTO CONTRACTE (ID_COMANDA, CANTITATE_PROD, COD_DISTRIBUITOR, COD_PRODUCATOR, COD_LOGISTIC, INCEPERE, INCHEIERE)   
VALUES (5, 23444, 5, 5, 5, to_date('20.10.2022', 'DD/MM/YYYY'), to_date('21.10.2025', 'DD/MM/YYYY'));  

INSERT INTO CONTRACTE (ID_COMANDA, CANTITATE_PROD, COD_DISTRIBUITOR, COD_PRODUCATOR, COD_LOGISTIC, INCEPERE, INCHEIERE)  
VALUES (6, 45454, 3, 1, 6, to_date('20.02.2021', 'DD/MM/YYYY'), to_date('22.02.2023', 'DD/MM/YYYY')); 

INSERT INTO CONTRACTE (ID_COMANDA, CANTITATE_PROD, COD_DISTRIBUITOR, COD_PRODUCATOR, COD_LOGISTIC, INCEPERE, INCHEIERE)   
VALUES (7, 234443, 3, 2, 7, to_date('01.10.2019', 'DD/MM/YYYY'), to_date('31.12.2025', 'DD/MM/YYYY')); 

INSERT INTO CONTRACTE (ID_COMANDA, CANTITATE_PROD, COD_DISTRIBUITOR, COD_PRODUCATOR, COD_LOGISTIC, INCEPERE, INCHEIERE)   
VALUES (8, 45344, 3, 3, 8, to_date('25.05.2020', 'DD/MM/YYYY'), to_date('25.05.2018', 'DD/MM/YYYY')); 

INSERT INTO CONTRACTE (ID_COMANDA, CANTITATE_PROD, COD_DISTRIBUITOR, COD_PRODUCATOR, COD_LOGISTIC, INCEPERE, INCHEIERE)  
VALUES (9, 4554, 2, 4, 1, to_date('11.11.2019', 'DD/MM/YYYY'), to_date('11.11.2023', 'DD/MM/YYYY')); 

INSERT INTO CONTRACTE (ID_COMANDA, CANTITATE_PROD, COD_DISTRIBUITOR, COD_PRODUCATOR, COD_LOGISTIC, INCEPERE, INCHEIERE)  
VALUES (10, 333, 2, 5, 2, to_date('21.10.2016', 'DD/MM/YYYY'), to_date('21.10.2016', 'DD/MM/YYYY')); 

INSERT INTO CONTRACTE (ID_COMANDA, CANTITATE_PROD, COD_DISTRIBUITOR, COD_PRODUCATOR, COD_LOGISTIC, INCEPERE, INCHEIERE)  
VALUES (11, 4453, 1, 5, 3, to_date('21.10.2016', 'DD/MM/YYYY'), to_date('21.10.2016', 'DD/MM/YYYY')); 

COMMIT; 